{
  "well_calibrated": {
    "score_quality": "well_calibrated",
    "score_setting_id": "well_noise_0.005",
    "score_family": "identity",
    "mu_slope": 5.0,
    "well_noise_sd": 0.005,
    "poor_a": null,
    "poor_b": null,
    "poor_shift": null,
    "poor_scale": null,
    "poor_noise_sd": null,
    "poor_gamma": null,
    "mc_avg_gain_vs_ppi_pct": 2.0174255887401764,
    "mc_min_gain_vs_ppi_pct": -0.8297598469555689,
    "mc_max_gain_vs_ppi_pct": 5.519868506308656,
    "mc_avg_gain_vs_label_pct": 32.45888487322645,
    "mc_avg_linear_gain_vs_ppi_pct": -0.32113280810288913,
    "mc_avg_nonlinear_gain_vs_linear_pct": 1.9971156101618899,
    "mc_min_score_coverage": 0.8722222222222222,
    "mc_small_avg_gain_vs_ppi_pct": 2.117337316065077,
    "mc_small_avg_linear_gain_vs_ppi_pct": -0.3332397215971043,
    "mc_small_avg_nonlinear_gain_vs_linear_pct": 2.086186029441023,
    "mc_small_n_venn_gain_vs_iso_pct": 3.178655726740564,
    "mc_small_n_venn_ci_gain_vs_iso_pct": -4.758301527536361,
    "mc_avg_raw_residual_var": 0.07697534547016853,
    "mc_avg_affine_residual_var": 0.07599907911149559,
    "mc_avg_platt_residual_var": 0.07393489745065934,
    "mc_avg_isotonic_residual_var": 0.06116657026545574,
    "mc_avg_nonlinear_residual_var": 0.07015798189281984,
    "psi0": 0.5002067954509436,
    "var_y_minus_m": 0.07735174458356743,
    "var_y_minus_mlin": 0.07677741750410119,
    "var_y_minus_mstar": 0.07519967627641999,
    "var_m_centered": 0.1937454650210886,
    "var_mlin_centered": 0.1732225631745153,
    "var_mstar_centered": 0.17487141121113145,
    "linear_residual_variance_reduction_pct": 0.7424875580482326,
    "residual_variance_reduction_pct": 2.7821845760989117,
    "nonlinear_extra_residual_reduction_pct": 2.0549548017773867,
    "mu_q01": 8.735882629200784e-06,
    "mu_q99": 0.9999909436685495,
    "var_eif_ppi_rho_0_5000": 0.3273517303883832,
    "var_eif_cal_rho_0_5000": 0.3251996661478663,
    "gain_pct_rho_0_5000": 0.657416485308826,
    "var_eif_ppi_rho_0_0588": 1.4876279070857836,
    "var_eif_cal_rho_0_0588": 1.4531948792375127,
    "gain_pct_rho_0_0588": 2.314626371571915,
    "avg_gain_pct": 1.4860214284403706,
    "min_gain_pct": 0.657416485308826,
    "max_gain_pct": 2.314626371571915,
    "selection_score": 2.2914321377508156
  },
  "poorly_calibrated": {
    "score_quality": "poorly_calibrated",
    "score_setting_id": "poor_logit_a3.0_b-0.5_shift-0.15_scale0.75_noise0.000",
    "score_family": "logit_tilt",
    "mu_slope": 5.0,
    "well_noise_sd": null,
    "poor_a": 3.0,
    "poor_b": -0.5,
    "poor_shift": -0.15,
    "poor_scale": 0.75,
    "poor_noise_sd": 0.0,
    "poor_gamma": null,
    "mc_avg_gain_vs_ppi_pct": 10.387708298716012,
    "mc_min_gain_vs_ppi_pct": 3.3794865041040567,
    "mc_max_gain_vs_ppi_pct": 18.965420689135946,
    "mc_avg_gain_vs_label_pct": 33.20775820832867,
    "mc_avg_linear_gain_vs_ppi_pct": 4.179278523710208,
    "mc_avg_nonlinear_gain_vs_linear_pct": 6.48860577603418,
    "mc_min_score_coverage": 0.9,
    "mc_small_avg_gain_vs_ppi_pct": 10.802387566710692,
    "mc_small_avg_linear_gain_vs_ppi_pct": 4.080413003374243,
    "mc_small_avg_nonlinear_gain_vs_linear_pct": 6.992202393214079,
    "mc_small_n_venn_gain_vs_iso_pct": 6.038823894962415,
    "mc_small_n_venn_ci_gain_vs_iso_pct": -3.05203782540382,
    "mc_avg_raw_residual_var": 0.0998035743319774,
    "mc_avg_affine_residual_var": 0.08435692007070429,
    "mc_avg_platt_residual_var": 0.0850546126018567,
    "mc_avg_isotonic_residual_var": 0.07098027094056833,
    "mc_avg_nonlinear_residual_var": 0.077748179508123,
    "psi0": 0.500576149686822,
    "var_y_minus_m": 0.10107822005772503,
    "var_y_minus_mlin": 0.08618363554487182,
    "var_y_minus_mstar": 0.07517188256712233,
    "var_m_centered": 0.07991856850135888,
    "var_mlin_centered": 0.16381616375114988,
    "var_mstar_centered": 0.17477651797126456,
    "linear_residual_variance_reduction_pct": 14.735701226581766,
    "residual_variance_reduction_pct": 25.6299897997885,
    "nonlinear_extra_residual_reduction_pct": 12.777081064323614,
    "mu_q01": 8.541342068786022e-06,
    "mu_q99": 0.9999909094377293,
    "var_eif_ppi_rho_0_5000": 0.39650637983852804,
    "var_eif_cal_rho_0_5000": 0.32517171470780676,
    "gain_pct_rho_0_5000": 17.99079882643285,
    "var_eif_ppi_rho_0_0588": 2.594104841641317,
    "var_eif_cal_rho_0_0588": 1.4527501995497747,
    "gain_pct_rho_0_0588": 43.998015183125574,
    "avg_gain_pct": 30.994407004779212,
    "min_gain_pct": 17.99079882643285,
    "max_gain_pct": 43.998015183125574,
    "selection_score": 12.243807087318459
  }
}